SampleID	ABRicate_Z2098	ABRicate_aggR	ABRicate_eae	ABRicate_espK	ABRicate_espN	ABRicate_espV	ABRicate_stx1	ABRicate_stx2	ABRicate_subA	ABRicate_ureD	BLAST_Z2098	BLAST_aggR	BLAST_eae	BLAST_espK	BLAST_espN	BLAST_espV	BLAST_stx1	BLAST_stx2	BLAST_subA	BLAST_ureD
GCA_000010745.1	1	0	1	1	1	1	1	1	0	1	1	0	1	1	1	1	1	1	0	1
GCA_000010765.1	1	0	1	1	1	1	1	1	0	1	1	0	1	1	1	1	1	1	0	1
GCA_000262125.1	1	0	1	1	1	1	1	1	0	1	1	0	1	1	1	1	1	1	0	1
GCA_000732965.1	1	0	1	1	1	1	1	1	0	1	1	0	1	1	1	1	1	1	0	1
GCA_001612495.1	1	0	1	1	1	1	1	1	0	1	1	0	1	1	1	1	1	1	0	1
GCA_001650275.1	1	0	1	1	1	1	1	1	0	1	1	0	1	1	1	1	1	1	0	1
GCA_001650295.1	1	0	1	1	1	1	1	1	0	1	1	0	1	1	1	1	1	1	0	1
GCA_001651925.2	1	0	1	1	1	1	1	1	0	1	1	0	1	1	1	1	1	1	0	1
GCA_001651945.2	1	0	1	1	1	1	1	1	0	1	1	0	1	1	1	1	1	1	0	1
GCA_001651965.2	1	0	1	1	1	1	1	1	0	1	1	0	1	1	1	1	1	1	0	1
GCA_001695515.1	1	0	1	1	1	1	1	1	0	1	1	0	1	1	1	1	1	1	0	1
GCA_001753485.1	1	0	1	1	1	1	1	1	0	1	1	0	1	1	1	1	1	1	0	1
GCA_001753545.1	1	0	1	1	1	1	1	1	0	1	1	0	1	1	1	1	1	1	0	1
GCA_001865295.1	1	0	1	1	1	1	1	1	0	1	1	0	1	1	1	1	1	1	0	1
GCA_001890245.1	1	0	1	1	1	1	1	1	0	1	1	0	1	1	1	1	1	1	0	1
GCA_001890265.1	1	0	1	1	1	1	1	1	0	1	1	0	1	1	1	1	1	1	0	1
GCA_002156825.1	1	0	1	1	1	1	1	1	0	1	1	0	1	1	1	1	1	1	0	1
GCA_002156845.1	1	0	1	1	1	1	1	1	0	1	1	0	1	1	1	1	1	1	0	1
GCA_002208865.2	1	0	1	1	1	1	1	1	0	1	1	0	1	1	1	1	1	1	0	1
GCA_002220265.1	1	0	1	1	1	1	1	1	0	1	1	0	1	1	1	1	1	1	0	1
GCA_003017455.1	1	0	1	1	1	1	1	1	0	1	1	0	1	1	1	1	1	1	0	1
GCA_003017555.1	1	0	1	1	1	1	1	1	0	1	1	0	1	1	1	1	1	1	0	1
GCA_003017975.1	1	0	1	1	1	1	1	1	0	1	1	0	1	1	1	1	1	1	0	1
GCA_003018035.1	1	0	1	1	1	1	1	1	0	1	1	0	1	1	1	1	1	1	0	1
GCA_003018455.1	1	0	1	1	1	1	1	1	0	1	1	0	1	1	1	1	1	1	0	1
GCA_003018535.1	1	0	1	1	1	1	1	1	0	1	1	0	1	1	1	1	1	1	0	1
GCA_003019235.1	1	0	1	1	1	1	1	1	0	1	1	0	1	1	1	1	1	1	0	1
GCA_003112225.1	1	0	1	1	1	1	1	1	0	1	1	0	1	1	1	1	1	1	0	1
GCA_003203755.1	1	0	1	1	1	1	1	1	0	1	1	0	1	1	1	1	1	1	0	1
GCA_003966795.1	1	0	1	1	1	1	1	1	0	1	1	0	1	1	1	1	1	1	0	1
GCA_004010575.1	1	0	1	1	1	1	1	1	0	1	1	0	1	1	1	1	1	1	0	1
GCA_004010675.1	1	0	1	1	1	1	1	1	0	1	1	0	1	1	1	1	1	1	0	1
GCA_005037805.2	1	0	1	1	1	1	1	1	0	1	1	0	1	1	1	1	1	1	0	1
GCA_005221505.1	1	0	1	1	1	1	1	1	0	1	1	0	1	1	1	1	1	1	0	1
GCA_005221765.1	1	0	1	1	1	1	1	1	0	1	1	0	1	1	1	1	1	1	0	1
GCA_005221785.1	1	0	1	1	1	1	1	1	0	1	1	0	1	1	1	1	1	1	0	1
GCA_005221885.1	1	0	1	1	1	1	1	1	0	1	1	0	1	1	1	1	1	1	0	1
GCA_005222325.1	1	0	1	1	1	1	1	1	0	1	1	0	1	1	1	1	1	1	0	1
GCA_005222345.1	1	0	1	1	1	1	1	1	0	1	1	0	1	1	1	1	1	1	0	1
GCA_005222365.1	1	0	1	1	1	1	1	1	0	1	1	0	1	1	1	1	1	1	0	1
GCA_005885915.1	1	0	1	1	1	1	1	1	0	1	1	0	1	1	1	1	1	1	0	1
GCA_008634095.2	1	0	1	1	1	1	1	1	0	1	1	0	1	1	1	1	1	1	0	1
GCA_008635785.2	1	0	1	1	1	1	1	1	0	1	1	0	1	1	1	1	1	1	0	1
GCA_008727135.1	1	0	1	1	1	1	1	1	0	1	1	0	1	1	1	1	1	1	0	1
GCA_008727155.1	1	0	1	1	1	1	1	1	0	1	1	0	1	1	1	1	1	1	0	1
GCA_008727175.1	1	0	1	1	1	1	1	1	0	1	1	0	1	1	1	1	1	1	0	1
GCA_008926145.1	1	0	1	1	1	1	1	1	0	1	1	0	1	1	1	1	1	1	0	1
GCA_009002655.1	1	0	1	1	1	1	1	1	0	1	1	0	1	1	1	1	1	1	0	1
GCA_009002845.1	1	0	1	1	1	1	1	1	0	1	1	0	1	1	1	1	1	1	0	1
GCA_009664455.1	1	0	1	1	1	1	1	1	0	1	1	0	1	1	1	1	1	1	0	1
GCA_009873355.1	1	0	1	1	1	1	1	1	0	1	1	0	1	1	1	1	1	1	0	1
GCA_009931235.1	1	0	1	1	1	1	1	1	0	1	1	0	1	1	1	1	1	1	0	1
GCA_013167135.1	1	0	1	1	1	1	1	1	0	1	1	0	1	1	1	1	1	1	0	1
GCA_013167195.1	1	0	1	1	1	1	1	1	0	1	1	0	1	1	1	1	1	1	0	1
GCA_013167355.1	1	0	1	1	1	1	1	1	0	1	1	0	1	1	1	1	1	1	0	1
GCA_013167415.1	1	0	1	1	1	1	1	1	0	1	1	0	1	1	1	1	1	1	0	1
GCA_013167435.1	1	0	1	1	1	1	1	1	0	1	1	0	1	1	1	1	1	1	0	1
GCA_013167535.1	1	0	1	1	1	1	1	1	0	1	1	0	1	1	1	1	1	1	0	1
GCA_013167615.1	1	0	1	1	1	1	1	1	0	1	1	0	1	1	1	1	1	1	0	1
GCA_013167675.1	1	0	1	1	1	1	1	1	0	1	1	0	1	1	1	1	1	1	0	1
GCA_013167715.1	1	0	1	1	1	1	1	1	0	1	1	0	1	1	1	1	1	1	0	1
GCA_013167755.1	1	0	1	1	1	1	1	1	0	1	1	0	1	1	1	1	1	1	0	1
GCA_013168055.1	1	0	1	1	1	1	1	1	0	1	1	0	1	1	1	1	1	1	0	1
GCA_013168075.1	1	0	1	1	1	1	1	1	0	1	1	0	1	1	1	1	1	1	0	1
GCA_013168175.1	1	0	1	1	1	1	1	1	0	1	1	0	1	1	1	1	1	1	0	1
GCA_013168195.1	1	0	1	1	1	1	1	1	0	1	1	0	1	1	1	1	1	1	0	1
GCA_013168235.1	1	0	1	1	1	1	1	1	0	1	1	0	1	1	1	1	1	1	0	1
GCA_013168255.1	1	0	1	1	1	1	1	1	0	1	1	0	1	1	1	1	1	1	0	1
GCA_015353135.1	1	0	1	1	1	1	1	1	0	1	1	0	1	1	1	1	1	1	0	1
GCA_016458945.1	1	0	1	1	1	1	1	1	0	1	1	0	1	1	1	1	1	1	0	1
GCA_016834675.1	1	0	1	1	1	1	1	1	0	1	1	0	1	1	1	1	1	1	0	1
GCA_016834695.1	1	0	1	1	1	1	1	1	0	1	1	0	1	1	1	1	1	1	0	1
GCA_016834715.1	1	0	1	1	1	1	1	1	0	1	1	0	1	1	1	1	1	1	0	1
GCA_016834755.1	1	0	1	1	1	1	1	1	0	1	1	0	1	1	1	1	1	1	0	1
GCA_016835035.1	1	0	1	1	1	1	1	1	0	1	1	0	1	1	1	1	1	1	0	1
GCA_016835055.1	1	0	1	1	1	1	1	1	0	1	1	0	1	1	1	1	1	1	0	1
GCA_016835075.1	1	0	1	1	1	1	1	1	0	1	1	0	1	1	1	1	1	1	0	1
GCA_017164795.1	1	0	1	1	1	1	1	1	0	1	1	0	1	1	1	1	1	1	0	1
GCA_017357545.1	1	0	1	1	1	1	1	1	0	1	1	0	1	1	1	1	1	1	0	1
GCA_020423185.1	1	0	1	1	1	1	1	1	0	1	1	0	1	1	1	1	1	1	0	1
GCA_021166395.1	1	0	1	1	1	1	1	1	0	1	1	0	1	1	1	1	1	1	0	1
GCA_021166415.1	1	0	1	1	1	1	1	1	0	1	1	0	1	1	1	1	1	1	0	1
GCA_021184105.1	1	0	1	1	1	1	1	1	0	1	1	0	1	1	1	1	1	1	0	1
GCA_022869945.1	1	0	1	1	1	1	1	1	0	1	1	0	1	1	1	1	1	1	0	1
GCA_024300685.1	1	0	1	1	1	1	1	1	0	1	1	0	1	1	1	1	1	1	0	1
GCA_024300745.1	1	0	1	1	1	1	1	1	0	1	1	0	1	1	1	1	1	1	0	1
GCA_024300785.1	1	0	1	1	1	1	1	1	0	1	1	0	1	1	1	1	1	1	0	1
GCA_025399035.1	1	0	1	1	1	1	1	1	0	1	1	0	1	1	1	1	1	1	0	1
GCA_025809255.1	1	0	1	1	1	1	1	1	0	1	1	0	1	1	1	1	1	1	0	1
GCA_027925785.1	1	0	1	1	1	1	1	1	0	1	1	0	1	1	1	1	1	1	0	1
GCA_027925805.1	1	0	1	1	1	1	1	1	0	1	1	0	1	1	1	1	1	1	0	1
GCA_027925825.1	1	0	1	1	1	1	1	1	0	1	1	0	1	1	1	1	1	1	0	1
GCA_027925845.1	1	0	1	1	1	1	1	1	0	1	1	0	1	1	1	1	1	1	0	1
GCA_029962285.1	1	0	1	1	1	1	1	1	0	1	1	0	1	1	1	1	1	1	0	1
GCA_030733925.1	1	0	1	1	1	1	1	1	0	1	1	0	1	1	1	1	1	1	0	1
GCA_030734165.1	1	0	1	1	1	1	1	1	0	1	1	0	1	1	1	1	1	1	0	1
GCA_030908645.1	1	0	1	1	1	1	1	1	0	1	1	0	1	1	1	1	1	1	0	1
GCA_030908665.1	1	0	1	1	1	1	1	1	0	1	1	0	1	1	1	1	1	1	0	1
GCA_030908685.1	1	0	1	1	1	1	1	1	0	1	1	0	1	1	1	1	1	1	0	1
GCA_030908705.1	1	0	1	1	1	1	1	1	0	1	1	0	1	1	1	1	1	1	0	1
GCA_030908725.1	1	0	1	1	1	1	1	1	0	1	1	0	1	1	1	1	1	1	0	1
GCA_030908745.1	1	0	1	1	1	1	1	1	0	1	1	0	1	1	1	1	1	1	0	1
GCA_030939765.2	1	0	1	1	1	1	1	1	0	1	1	0	1	1	1	1	1	1	0	1
GCA_031588095.2	1	0	1	1	1	1	1	1	0	1	1	0	1	1	1	1	1	1	0	1
GCA_031675355.2	1	0	1	1	1	1	1	1	0	1	1	0	1	1	1	1	1	1	0	1
GCA_031675475.2	1	0	1	1	1	1	1	1	0	1	1	0	1	1	1	1	1	1	0	1
GCA_036419615.1	1	0	1	1	1	1	1	1	0	1	1	0	1	1	1	1	1	1	0	1
GCA_037541525.1	1	0	1	1	1	1	1	1	0	1	1	0	1	1	1	1	1	1	0	1
GCA_041880775.1	1	0	1	1	1	1	1	1	0	1	1	0	1	1	1	1	1	1	0	1
GCA_041883745.1	1	0	1	1	1	1	1	1	0	1	1	0	1	1	1	1	1	1	0	1
GCA_045347625.1	1	0	1	1	1	1	1	1	0	1	1	0	1	1	1	1	1	1	0	1
GCA_048296705.1	1	0	1	1	1	1	1	1	0	1	1	0	1	1	1	1	1	1	0	1
GCA_048568945.1	1	0	1	1	1	1	1	1	0	1	1	0	1	1	1	1	1	1	0	1
GCA_048568955.1	1	0	1	1	1	1	1	1	0	1	1	0	1	1	1	1	1	1	0	1
GCA_048568965.1	1	0	1	1	1	1	1	1	0	1	1	0	1	1	1	1	1	1	0	1
GCA_048571415.1	1	0	1	1	1	1	1	1	0	1	1	0	1	1	1	1	1	1	0	1
GCA_048571455.1	1	0	1	1	1	1	1	1	0	1	1	0	1	1	1	1	1	1	0	1
GCA_048571565.1	1	0	1	1	1	1	1	1	0	1	1	0	1	1	1	1	1	1	0	1
GCA_048571605.1	1	0	1	1	1	1	1	1	0	1	1	0	1	1	1	1	1	1	0	1
GCA_048571645.1	1	0	1	1	1	1	1	1	0	1	1	0	1	1	1	1	1	1	0	1
GCA_048571775.1	1	0	1	1	1	1	1	1	0	1	1	0	1	1	1	1	1	1	0	1
GCA_048571815.1	1	0	1	1	1	1	1	1	0	1	1	0	1	1	1	1	1	1	0	1
GCA_049266435.1	1	0	1	1	0	1	1	1	0	1	1	0	1	1	0	1	1	1	0	1
GCA_049569225.1	1	0	1	1	1	1	1	1	0	1	1	0	1	1	1	1	1	1	0	1
GCA_049569755.1	1	0	1	1	1	1	1	1	0	1	1	0	1	1	1	1	1	1	0	1
GCA_049569765.1	1	0	1	1	1	1	1	1	0	1	1	0	1	1	1	1	1	1	0	1
GCA_049570215.1	1	0	1	1	1	1	1	1	0	1	1	0	1	1	1	1	1	1	0	1
GCA_049570315.1	1	0	1	1	1	1	1	1	0	1	1	0	1	1	1	1	1	1	0	1
GCA_050703585.1	1	0	1	1	1	1	1	1	0	1	1	0	1	1	1	1	1	1	0	1
GCA_050703595.1	1	0	1	1	1	1	1	1	0	1	1	0	1	1	1	1	1	1	0	1
GCA_050703615.1	1	0	1	1	1	1	1	1	0	1	1	0	1	1	1	1	1	1	0	1
GCA_050703625.1	1	0	1	1	1	1	1	1	0	1	1	0	1	1	1	1	1	1	0	1
GCA_050703635.1	1	0	1	1	1	1	1	1	0	1	1	0	1	1	1	1	1	1	0	1
GCA_050703645.1	1	0	1	1	1	1	1	1	0	1	1	0	1	1	1	1	1	1	0	1
GCA_050703855.1	1	0	1	1	1	1	1	1	0	1	1	0	1	1	1	1	1	1	0	1
GCA_050704235.1	1	0	1	1	1	1	1	1	0	1	1	0	1	1	1	1	1	1	0	1
GCA_050705825.1	1	0	1	1	1	1	1	1	0	1	1	0	1	1	1	1	1	1	0	1
GCA_050870965.1	1	0	1	1	1	1	1	1	0	1	1	0	1	1	1	1	1	1	0	1
GCA_050870975.1	1	0	1	1	1	1	1	1	0	1	1	0	1	1	1	1	1	1	0	1
GCA_052884195.1	1	0	1	1	1	1	1	1	0	1	1	0	1	1	1	1	1	1	0	1
GCA_052884205.1	1	0	1	1	1	1	1	1	0	1	1	0	1	1	1	1	1	1	0	1
